<?xml version="1.0" encoding="utf-8"?>
<nouns title="Singolari">
	<noun article="l’" sex="m">amico</noun> 
	<noun article="il" sex="m">telefono</noun>  
	<noun article="l’" sex="f">opinione</noun>
	<noun article="la" sex="f">festa</noun>
	<noun article="la" sex="f">scuola</noun>
	<noun article="l’" sex="m">anno</noun>
	<noun article="lo" sex="m">studente</noun>
	<noun article="il" sex="m">gelato</noun>
	<noun article="la" sex="f">televisione</noun>
	<noun article="il" sex="m">calcio</noun>
	<noun article="la" sex="f">spiaggia</noun>
	<noun article="il" sex="m">ragazzo</noun>
	<noun article="la" sex="f">madre</noun>
	<noun article="l’" sex="m">attore</noun>
	<noun article="l’" sex="f">isola</noun>
	<noun article="lo" sex="m">sconto</noun>
	<noun article="la" sex="f">sabbia</noun>
	<noun article="la" sex="f">scuola</noun>
	<noun article="la" sex="f">sorella</noun>
	<noun article="il" sex="m">fratello</noun>
	<noun article="la" sex="f">studentessa</noun>
	<noun article="l’" sex="f">amicizia</noun>
	<noun article="il" sex="m">cane</noun>
	<noun article="il" sex="m">sole</noun>
	<noun article="il" sex="m">padre</noun>
	<noun article="la" sex="f">zia</noun>
	<noun article="il" sex="m">nonno</noun>
	<noun article="la" sex="f">famiglia</noun>
</nouns>