﻿<?xml version="1.0" encoding="utf-8"?>
<playlist listTitle="Personalit%C3%A0">
	<mp3file title="Che tipo sei?">../media/audio/2e7_15.mp3</mp3file>
	<mp3file title="Come ti vedono i tuoi amici?">../media/audio/2e7_16.mp3</mp3file>
	<mp3file title="Quale aspetto del tuo carattere non ti piace?">../media/audio/2e7_17.mp3</mp3file>
	<mp3file title="Quali sono le tue virt%C3%B9?">../media/audio/2e7_18.mp3</mp3file>
	<mp3file title="Che cosa trovi detestabile nelle altre persone?">../media/audio/2e7_19.mp3</mp3file>
</playlist>