<?xml version="1.0" encoding="utf-8"?>
<nouns title="Plurali">
	<noun article="i" sex="m">biscotti</noun> 
	<noun article="i" sex="m">cellulari</noun>  
	<noun article="le" sex="f">automobili</noun>
	<noun article="i" sex="m">motorini</noun>
	<noun article="le" sex="f">lasagne</noun>
	<noun article="gli" sex="m">spaghetti</noun>
	<noun article="i" sex="m">giovani</noun>
	<noun article="le" sex="f">spiagge</noun>
	<noun article="i" sex="m">ragazzi</noun>
	<noun article="le" sex="f">biciclette</noun>
	<noun article="i" sex="m">mercati</noun>
	<noun article="le" sex="f">montagne</noun>
	<noun article="le" sex="m">attrici</noun>
	<noun article="le" sex="f">case</noun>
	<noun article="gli" sex="m">animali</noun>
	<noun article="i" sex="m">passatempi</noun>
	<noun article="i" sex="m">viaggi</noun>
	<noun article="gli" sex="m">studenti</noun>
	<noun article="le" sex="f">citt%C3%A0</noun>
	<noun article="i" sex="m">legami</noun>
	<noun article="le" sex="f">televisioni</noun>
	<noun article="le" sex="m">stazioni</noun>
	<noun article="le" sex="m">problemi</noun>
	<noun article="gli" sex="m">asparagi</noun>
	<noun article="i" sex="m">ristoranti</noun>
	<noun article="gli" sex="m">zii</noun>
	<noun article="i" sex="m">supermercati</noun>
	<noun article="le" sex="m">vetrine</noun>
	<noun article="i" sex="m">vini</noun>
	<noun article="le" sex="f">cartoline</noun>
</nouns>